method,score,n,time_ms,avg_score,gain_vs_random_%
Greedy,35.0168,40,10.421037673950195,0.8754200000000001,4.6
Random,33.4802,40,0.0,0.8370050000000001,0.0
