method,n_items,vqr,avg_score,evidence_match,single_correct,distractor_type_match,historical_correctness,question_clarity,duplicate_check,bloom_fidelity,answer_position_ok
rule_based,423,0.2789598108747045,0.6141200945626484,0.356,0.278,0.92,0.977,0.988,0.08,0.926,0.793
rag_llm,90,0.6222222222222222,0.8025988888888886,0.951,0.594,0.74,0.838,1.0,0.65,0.862,0.834
vit5_ft,297,0.4511784511784512,0.717044444444444,0.799,0.374,0.74,0.708,0.992,0.733,0.751,0.896
